City_id,City,City_lat,City_long,Date,Température max (°C),Vent max (m/s),Force vent,Angle vent (°),Indice UV,Icon,Emoji,Weather_description
FR000001,Mont Saint Michel,48.6359541,-1.51146,2025-07-08,19,7,4,311,7.73,10d,🌦️,Pluie intermittente
FR000001,Mont Saint Michel,48.6359541,-1.51146,2025-07-09,23,5,3,326,7.77,01d,☀️,Ciel dégagé
FR000001,Mont Saint Michel,48.6359541,-1.51146,2025-07-10,27,6,4,325,7.97,01d,☀️,Ciel dégagé
FR000001,Mont Saint Michel,48.6359541,-1.51146,2025-07-11,31,6,4,52,7.88,02d,🌤️,Peu nuageux
FR000001,Mont Saint Michel,48.6359541,-1.51146,2025-07-12,32,6,4,61,7.72,02d,🌤️,Peu nuageux
FR000001,Mont Saint Michel,48.6359541,-1.51146,2025-07-13,32,6,4,41,8.0,02d,🌤️,Peu nuageux
FR000001,Mont Saint Michel,48.6359541,-1.51146,2025-07-14,32,8,5,316,8.0,02d,🌤️,Peu nuageux
FR000001,Mont Saint Michel,48.6359541,-1.51146,2025-07-15,22,7,4,316,8.0,02d,🌤️,Peu nuageux
FR000002,St Malo,48.649518,-2.0260409,2025-07-08,18,8,5,312,7.75,02d,🌤️,Peu nuageux
FR000002,St Malo,48.649518,-2.0260409,2025-07-09,21,5,3,355,7.78,01d,☀️,Ciel dégagé
FR000002,St Malo,48.649518,-2.0260409,2025-07-10,24,6,4,351,8.03,01d,☀️,Ciel dégagé
FR000002,St Malo,48.649518,-2.0260409,2025-07-11,26,8,5,37,7.82,02d,🌤️,Peu nuageux
FR000002,St Malo,48.649518,-2.0260409,2025-07-12,27,8,5,50,7.73,01d,☀️,Ciel dégagé
FR000002,St Malo,48.649518,-2.0260409,2025-07-13,28,10,5,47,8.0,01d,☀️,Ciel dégagé
FR000002,St Malo,48.649518,-2.0260409,2025-07-14,26,9,5,306,8.0,02d,🌤️,Peu nuageux
FR000002,St Malo,48.649518,-2.0260409,2025-07-15,20,7,4,292,8.0,02d,🌤️,Peu nuageux
FR000003,Bayeux,49.2764624,-0.7024738,2025-07-08,20,6,4,344,7.52,01d,☀️,Ciel dégagé
FR000003,Bayeux,49.2764624,-0.7024738,2025-07-09,24,5,3,17,7.49,03d,⛅,Nuages épars
FR000003,Bayeux,49.2764624,-0.7024738,2025-07-10,25,5,3,31,7.7,01d,☀️,Ciel dégagé
FR000003,Bayeux,49.2764624,-0.7024738,2025-07-11,25,7,4,48,7.62,02d,🌤️,Peu nuageux
FR000003,Bayeux,49.2764624,-0.7024738,2025-07-12,26,7,4,51,7.62,02d,🌤️,Peu nuageux
FR000003,Bayeux,49.2764624,-0.7024738,2025-07-13,27,9,5,46,8.0,01d,☀️,Ciel dégagé
FR000003,Bayeux,49.2764624,-0.7024738,2025-07-14,29,5,3,47,8.0,02d,🌤️,Peu nuageux
FR000003,Bayeux,49.2764624,-0.7024738,2025-07-15,26,6,4,307,8.0,04d,☁️,Couvert
FR000004,Le Havre,49.4938975,0.1079732,2025-07-08,17,10,5,314,7.4,10d,🌦️,Pluie intermittente
FR000004,Le Havre,49.4938975,0.1079732,2025-07-09,19,4,3,229,7.44,01d,☀️,Ciel dégagé
FR000004,Le Havre,49.4938975,0.1079732,2025-07-10,23,7,4,351,7.66,01d,☀️,Ciel dégagé
FR000004,Le Havre,49.4938975,0.1079732,2025-07-11,25,8,5,25,7.72,01d,☀️,Ciel dégagé
FR000004,Le Havre,49.4938975,0.1079732,2025-07-12,26,9,5,25,7.58,01d,☀️,Ciel dégagé
FR000004,Le Havre,49.4938975,0.1079732,2025-07-13,26,10,5,28,8.0,01d,☀️,Ciel dégagé
FR000004,Le Havre,49.4938975,0.1079732,2025-07-14,26,6,4,4,8.0,01d,☀️,Ciel dégagé
FR000004,Le Havre,49.4938975,0.1079732,2025-07-15,20,7,4,284,8.0,04d,☁️,Couvert
FR000005,Rouen,49.4404591,1.0939658,2025-07-08,22,6,4,346,7.32,10d,🌦️,Pluie intermittente
FR000005,Rouen,49.4404591,1.0939658,2025-07-09,26,5,3,333,7.42,01d,☀️,Ciel dégagé
FR000005,Rouen,49.4404591,1.0939658,2025-07-10,29,6,4,15,7.7,01d,☀️,Ciel dégagé
FR000005,Rouen,49.4404591,1.0939658,2025-07-11,31,6,4,50,7.85,01d,☀️,Ciel dégagé
FR000005,Rouen,49.4404591,1.0939658,2025-07-12,32,6,4,53,7.71,01d,☀️,Ciel dégagé
FR000005,Rouen,49.4404591,1.0939658,2025-07-13,33,7,4,12,8.0,01d,☀️,Ciel dégagé
FR000005,Rouen,49.4404591,1.0939658,2025-07-14,33,5,3,352,8.0,01d,☀️,Ciel dégagé
FR000005,Rouen,49.4404591,1.0939658,2025-07-15,30,6,4,305,8.0,04d,☁️,Couvert
FR000006,Paris,48.8588897,2.320041,2025-07-08,24,5,3,344,6.99,10d,🌦️,Pluie intermittente
FR000006,Paris,48.8588897,2.320041,2025-07-09,26,4,3,4,7.54,01d,☀️,Ciel dégagé
FR000006,Paris,48.8588897,2.320041,2025-07-10,28,4,3,37,7.72,01d,☀️,Ciel dégagé
FR000006,Paris,48.8588897,2.320041,2025-07-11,30,4,3,53,7.88,01d,☀️,Ciel dégagé
FR000006,Paris,48.8588897,2.320041,2025-07-12,31,4,3,45,7.79,01d,☀️,Ciel dégagé
FR000006,Paris,48.8588897,2.320041,2025-07-13,32,3,2,52,8.0,01d,☀️,Ciel dégagé
FR000006,Paris,48.8588897,2.320041,2025-07-14,33,4,3,46,8.0,01d,☀️,Ciel dégagé
FR000006,Paris,48.8588897,2.320041,2025-07-15,33,5,3,310,8.0,04d,☁️,Couvert
FR000007,Amiens,49.8941708,2.2956951,2025-07-08,21,6,4,316,5.68,10d,🌦️,Pluie intermittente
FR000007,Amiens,49.8941708,2.2956951,2025-07-09,25,5,3,315,7.12,01d,☀️,Ciel dégagé
FR000007,Amiens,49.8941708,2.2956951,2025-07-10,28,5,3,33,7.71,03d,⛅,Nuages épars
FR000007,Amiens,49.8941708,2.2956951,2025-07-11,29,5,3,55,7.71,02d,🌤️,Peu nuageux
FR000007,Amiens,49.8941708,2.2956951,2025-07-12,31,6,4,32,7.57,01d,☀️,Ciel dégagé
FR000007,Amiens,49.8941708,2.2956951,2025-07-13,31,5,3,60,8.0,01d,☀️,Ciel dégagé
FR000007,Amiens,49.8941708,2.2956951,2025-07-14,32,6,4,19,8.0,01d,☀️,Ciel dégagé
FR000007,Amiens,49.8941708,2.2956951,2025-07-15,33,7,4,312,8.0,04d,☁️,Couvert
FR000008,Lille,50.6365654,3.0635282,2025-07-08,20,6,4,338,5.99,10d,🌦️,Pluie intermittente
FR000008,Lille,50.6365654,3.0635282,2025-07-09,26,5,3,334,7.15,01d,☀️,Ciel dégagé
FR000008,Lille,50.6365654,3.0635282,2025-07-10,27,5,3,12,7.41,04d,☁️,Couvert
FR000008,Lille,50.6365654,3.0635282,2025-07-11,28,5,3,11,7.4,02d,🌤️,Peu nuageux
FR000008,Lille,50.6365654,3.0635282,2025-07-12,28,6,4,14,7.36,01d,☀️,Ciel dégagé
FR000008,Lille,50.6365654,3.0635282,2025-07-13,30,6,4,11,8.0,01d,☀️,Ciel dégagé
FR000008,Lille,50.6365654,3.0635282,2025-07-14,28,6,4,337,8.0,02d,🌤️,Peu nuageux
FR000008,Lille,50.6365654,3.0635282,2025-07-15,31,4,3,348,8.0,04d,☁️,Couvert
FR000009,Strasbourg,48.584614,7.7507127,2025-07-08,19,5,3,299,5.3,10d,🌦️,Pluie intermittente
FR000009,Strasbourg,48.584614,7.7507127,2025-07-09,25,2,2,201,7.51,03d,⛅,Nuages épars
FR000009,Strasbourg,48.584614,7.7507127,2025-07-10,27,4,3,75,7.63,01d,☀️,Ciel dégagé
FR000009,Strasbourg,48.584614,7.7507127,2025-07-11,28,5,3,46,7.68,02d,🌤️,Peu nuageux
FR000009,Strasbourg,48.584614,7.7507127,2025-07-12,29,4,3,72,7.21,01d,☀️,Ciel dégagé
FR000009,Strasbourg,48.584614,7.7507127,2025-07-13,32,3,2,12,8.0,01d,☀️,Ciel dégagé
FR000009,Strasbourg,48.584614,7.7507127,2025-07-14,30,7,4,346,8.0,04d,☁️,Couvert
FR000009,Strasbourg,48.584614,7.7507127,2025-07-15,30,5,3,34,8.0,02d,🌤️,Peu nuageux
FR000010,Chateau du Haut Koenigsbourg,48.2494107,7.3443202,2025-07-08,17,4,3,287,6.11,10d,🌦️,Pluie intermittente
FR000010,Chateau du Haut Koenigsbourg,48.2494107,7.3443202,2025-07-09,22,3,2,270,7.66,04d,☁️,Couvert
FR000010,Chateau du Haut Koenigsbourg,48.2494107,7.3443202,2025-07-10,24,3,2,68,7.9,01d,☀️,Ciel dégagé
FR000010,Chateau du Haut Koenigsbourg,48.2494107,7.3443202,2025-07-11,25,4,3,48,7.86,01d,☀️,Ciel dégagé
FR000010,Chateau du Haut Koenigsbourg,48.2494107,7.3443202,2025-07-12,27,4,3,63,7.5,01d,☀️,Ciel dégagé
FR000010,Chateau du Haut Koenigsbourg,48.2494107,7.3443202,2025-07-13,29,2,2,331,8.0,02d,🌤️,Peu nuageux
FR000010,Chateau du Haut Koenigsbourg,48.2494107,7.3443202,2025-07-14,28,4,3,276,8.0,01d,☀️,Ciel dégagé
FR000010,Chateau du Haut Koenigsbourg,48.2494107,7.3443202,2025-07-15,28,4,3,332,8.0,01d,☀️,Ciel dégagé
FR000011,Colmar,48.0777517,7.3579641,2025-07-08,20,4,3,291,6.11,10d,🌦️,Pluie intermittente
FR000011,Colmar,48.0777517,7.3579641,2025-07-09,24,3,2,77,7.66,03d,⛅,Nuages épars
FR000011,Colmar,48.0777517,7.3579641,2025-07-10,27,4,3,58,7.9,01d,☀️,Ciel dégagé
FR000011,Colmar,48.0777517,7.3579641,2025-07-11,28,4,3,43,7.86,01d,☀️,Ciel dégagé
FR000011,Colmar,48.0777517,7.3579641,2025-07-12,29,3,2,70,7.5,01d,☀️,Ciel dégagé
FR000011,Colmar,48.0777517,7.3579641,2025-07-13,31,3,2,332,8.0,02d,🌤️,Peu nuageux
FR000011,Colmar,48.0777517,7.3579641,2025-07-14,31,4,3,304,8.0,10d,🌦️,Pluie intermittente
FR000011,Colmar,48.0777517,7.3579641,2025-07-15,31,4,3,325,8.0,01d,☀️,Ciel dégagé
FR000012,Eguisheim,48.0447968,7.3079618,2025-07-08,20,4,3,289,6.11,10d,🌦️,Pluie intermittente
FR000012,Eguisheim,48.0447968,7.3079618,2025-07-09,24,3,2,80,7.66,03d,⛅,Nuages épars
FR000012,Eguisheim,48.0447968,7.3079618,2025-07-10,26,4,3,53,7.9,01d,☀️,Ciel dégagé
FR000012,Eguisheim,48.0447968,7.3079618,2025-07-11,27,4,3,42,7.86,01d,☀️,Ciel dégagé
FR000012,Eguisheim,48.0447968,7.3079618,2025-07-12,29,3,2,72,7.5,01d,☀️,Ciel dégagé
FR000012,Eguisheim,48.0447968,7.3079618,2025-07-13,31,3,2,334,8.0,02d,🌤️,Peu nuageux
FR000012,Eguisheim,48.0447968,7.3079618,2025-07-14,31,4,3,303,8.0,01d,☀️,Ciel dégagé
FR000012,Eguisheim,48.0447968,7.3079618,2025-07-15,31,4,3,324,8.0,01d,☀️,Ciel dégagé
FR000013,Besancon,47.2380222,6.0243622,2025-07-08,20,3,2,278,6.09,10d,🌦️,Pluie intermittente
FR000013,Besancon,47.2380222,6.0243622,2025-07-09,24,3,2,29,7.82,01d,☀️,Ciel dégagé
FR000013,Besancon,47.2380222,6.0243622,2025-07-10,27,4,3,39,8.05,01d,☀️,Ciel dégagé
FR000013,Besancon,47.2380222,6.0243622,2025-07-11,28,5,3,46,8.11,01d,☀️,Ciel dégagé
FR000013,Besancon,47.2380222,6.0243622,2025-07-12,29,2,2,68,7.93,01d,☀️,Ciel dégagé
FR000013,Besancon,47.2380222,6.0243622,2025-07-13,31,3,2,164,8.0,01d,☀️,Ciel dégagé
FR000013,Besancon,47.2380222,6.0243622,2025-07-14,33,4,3,293,8.0,10d,🌦️,Pluie intermittente
FR000013,Besancon,47.2380222,6.0243622,2025-07-15,32,4,3,354,8.0,01d,☀️,Ciel dégagé
FR000014,Dijon,47.3215806,5.0414701,2025-07-08,20,6,4,287,6.95,10d,🌦️,Pluie intermittente
FR000014,Dijon,47.3215806,5.0414701,2025-07-09,25,5,3,19,8.08,01d,☀️,Ciel dégagé
FR000014,Dijon,47.3215806,5.0414701,2025-07-10,28,5,3,32,8.13,01d,☀️,Ciel dégagé
FR000014,Dijon,47.3215806,5.0414701,2025-07-11,30,5,3,34,8.24,01d,☀️,Ciel dégagé
FR000014,Dijon,47.3215806,5.0414701,2025-07-12,31,4,3,57,8.07,01d,☀️,Ciel dégagé
FR000014,Dijon,47.3215806,5.0414701,2025-07-13,33,3,2,344,9.0,01d,☀️,Ciel dégagé
FR000014,Dijon,47.3215806,5.0414701,2025-07-14,34,6,4,339,9.0,01d,☀️,Ciel dégagé
FR000014,Dijon,47.3215806,5.0414701,2025-07-15,33,7,4,354,9.0,02d,🌤️,Peu nuageux
FR000015,Annecy,45.8992348,6.1288847,2025-07-08,24,3,2,348,7.19,10d,🌦️,Pluie intermittente
FR000015,Annecy,45.8992348,6.1288847,2025-07-09,23,4,3,3,8.78,01d,☀️,Ciel dégagé
FR000015,Annecy,45.8992348,6.1288847,2025-07-10,25,4,3,356,8.53,01d,☀️,Ciel dégagé
FR000015,Annecy,45.8992348,6.1288847,2025-07-11,27,3,2,356,8.49,01d,☀️,Ciel dégagé
FR000015,Annecy,45.8992348,6.1288847,2025-07-12,29,2,2,297,8.45,01d,☀️,Ciel dégagé
FR000015,Annecy,45.8992348,6.1288847,2025-07-13,30,2,2,240,9.0,10d,🌦️,Pluie intermittente
FR000015,Annecy,45.8992348,6.1288847,2025-07-14,31,2,2,308,9.0,10d,🌦️,Pluie intermittente
FR000015,Annecy,45.8992348,6.1288847,2025-07-15,30,4,3,3,9.0,01d,☀️,Ciel dégagé
FR000016,Grenoble,45.1875602,5.7357819,2025-07-08,27,6,4,349,7.56,10d,🌦️,Pluie intermittente
FR000016,Grenoble,45.1875602,5.7357819,2025-07-09,26,3,2,341,8.83,01d,☀️,Ciel dégagé
FR000016,Grenoble,45.1875602,5.7357819,2025-07-10,27,3,2,340,8.51,01d,☀️,Ciel dégagé
FR000016,Grenoble,45.1875602,5.7357819,2025-07-11,30,3,2,334,8.68,01d,☀️,Ciel dégagé
FR000016,Grenoble,45.1875602,5.7357819,2025-07-12,32,2,2,321,8.43,01d,☀️,Ciel dégagé
FR000016,Grenoble,45.1875602,5.7357819,2025-07-13,32,2,2,316,9.0,10d,🌦️,Pluie intermittente
FR000016,Grenoble,45.1875602,5.7357819,2025-07-14,33,5,3,223,9.0,10d,🌦️,Pluie intermittente
FR000016,Grenoble,45.1875602,5.7357819,2025-07-15,32,5,3,349,9.0,01d,☀️,Ciel dégagé
FR000017,Lyon,45.7578137,4.8320114,2025-07-08,24,6,4,349,6.79,10d,🌦️,Pluie intermittente
FR000017,Lyon,45.7578137,4.8320114,2025-07-09,26,5,3,11,8.78,01d,☀️,Ciel dégagé
FR000017,Lyon,45.7578137,4.8320114,2025-07-10,29,5,3,1,8.45,01d,☀️,Ciel dégagé
FR000017,Lyon,45.7578137,4.8320114,2025-07-11,31,3,2,0,8.64,01d,☀️,Ciel dégagé
FR000017,Lyon,45.7578137,4.8320114,2025-07-12,33,4,3,44,8.4,01d,☀️,Ciel dégagé
FR000017,Lyon,45.7578137,4.8320114,2025-07-13,35,5,3,252,9.0,10d,🌦️,Pluie intermittente
FR000017,Lyon,45.7578137,4.8320114,2025-07-14,34,4,3,32,9.0,03d,⛅,Nuages épars
FR000017,Lyon,45.7578137,4.8320114,2025-07-15,35,5,3,9,9.0,01d,☀️,Ciel dégagé
FR000018,Gorges du Verdon,43.7496562,6.3285616,2025-07-08,23,11,6,313,8.51,01d,☀️,Ciel dégagé
FR000018,Gorges du Verdon,43.7496562,6.3285616,2025-07-09,22,5,3,186,9.3,02d,🌤️,Peu nuageux
FR000018,Gorges du Verdon,43.7496562,6.3285616,2025-07-10,25,5,3,173,8.79,01d,☀️,Ciel dégagé
FR000018,Gorges du Verdon,43.7496562,6.3285616,2025-07-11,26,4,3,186,9.23,01d,☀️,Ciel dégagé
FR000018,Gorges du Verdon,43.7496562,6.3285616,2025-07-12,27,6,4,170,8.34,01d,☀️,Ciel dégagé
FR000018,Gorges du Verdon,43.7496562,6.3285616,2025-07-13,26,4,3,186,9.0,01d,☀️,Ciel dégagé
FR000018,Gorges du Verdon,43.7496562,6.3285616,2025-07-14,31,5,3,286,9.0,04d,☁️,Couvert
FR000018,Gorges du Verdon,43.7496562,6.3285616,2025-07-15,31,6,4,175,9.0,01d,☀️,Ciel dégagé
FR000019,Bormes les Mimosas,43.1506968,6.3419285,2025-07-08,28,15,7,303,8.69,03d,⛅,Nuages épars
FR000019,Bormes les Mimosas,43.1506968,6.3419285,2025-07-09,23,9,5,327,9.04,03d,⛅,Nuages épars
FR000019,Bormes les Mimosas,43.1506968,6.3419285,2025-07-10,26,6,4,92,8.81,01d,☀️,Ciel dégagé
FR000019,Bormes les Mimosas,43.1506968,6.3419285,2025-07-11,25,4,3,184,9.17,01d,☀️,Ciel dégagé
FR000019,Bormes les Mimosas,43.1506968,6.3419285,2025-07-12,26,4,3,178,8.33,10d,🌦️,Pluie intermittente
FR000019,Bormes les Mimosas,43.1506968,6.3419285,2025-07-13,26,4,3,144,9.0,01d,☀️,Ciel dégagé
FR000019,Bormes les Mimosas,43.1506968,6.3419285,2025-07-14,31,8,5,266,9.0,03d,⛅,Nuages épars
FR000019,Bormes les Mimosas,43.1506968,6.3419285,2025-07-15,28,5,3,306,9.0,01d,☀️,Ciel dégagé
FR000020,Cassis,43.2140359,5.5396318,2025-07-08,27,16,7,320,8.7,01d,☀️,Ciel dégagé
FR000020,Cassis,43.2140359,5.5396318,2025-07-09,24,13,6,326,9.21,01d,☀️,Ciel dégagé
FR000020,Cassis,43.2140359,5.5396318,2025-07-10,24,5,3,287,8.88,01d,☀️,Ciel dégagé
FR000020,Cassis,43.2140359,5.5396318,2025-07-11,25,5,3,173,9.12,01d,☀️,Ciel dégagé
FR000020,Cassis,43.2140359,5.5396318,2025-07-12,25,4,3,178,7.1,10d,🌦️,Pluie intermittente
FR000020,Cassis,43.2140359,5.5396318,2025-07-13,25,5,3,156,8.0,02d,🌤️,Peu nuageux
FR000020,Cassis,43.2140359,5.5396318,2025-07-14,28,6,4,288,8.0,02d,🌤️,Peu nuageux
FR000020,Cassis,43.2140359,5.5396318,2025-07-15,34,13,6,317,8.0,01d,☀️,Ciel dégagé
FR000021,Marseille,43.2961743,5.3699525,2025-07-08,28,16,7,322,8.61,01d,☀️,Ciel dégagé
FR000021,Marseille,43.2961743,5.3699525,2025-07-09,26,13,6,328,9.08,01d,☀️,Ciel dégagé
FR000021,Marseille,43.2961743,5.3699525,2025-07-10,26,6,4,168,8.76,01d,☀️,Ciel dégagé
FR000021,Marseille,43.2961743,5.3699525,2025-07-11,25,5,3,170,8.96,01d,☀️,Ciel dégagé
FR000021,Marseille,43.2961743,5.3699525,2025-07-12,26,5,3,179,6.47,10d,🌦️,Pluie intermittente
FR000021,Marseille,43.2961743,5.3699525,2025-07-13,26,5,3,156,7.0,01d,☀️,Ciel dégagé
FR000021,Marseille,43.2961743,5.3699525,2025-07-14,29,7,4,289,7.0,01d,☀️,Ciel dégagé
FR000021,Marseille,43.2961743,5.3699525,2025-07-15,35,13,6,324,7.0,01d,☀️,Ciel dégagé
FR000022,Aix en Provence,43.5298424,5.4474738,2025-07-08,27,13,6,325,8.42,02d,🌤️,Peu nuageux
FR000022,Aix en Provence,43.5298424,5.4474738,2025-07-09,29,9,5,328,8.98,01d,☀️,Ciel dégagé
FR000022,Aix en Provence,43.5298424,5.4474738,2025-07-10,31,6,4,220,8.68,01d,☀️,Ciel dégagé
FR000022,Aix en Provence,43.5298424,5.4474738,2025-07-11,30,6,4,219,8.87,01d,☀️,Ciel dégagé
FR000022,Aix en Provence,43.5298424,5.4474738,2025-07-12,30,5,3,216,7.8,10d,🌦️,Pluie intermittente
FR000022,Aix en Provence,43.5298424,5.4474738,2025-07-13,30,5,3,210,8.0,01d,☀️,Ciel dégagé
FR000022,Aix en Provence,43.5298424,5.4474738,2025-07-14,34,5,3,265,8.0,01d,☀️,Ciel dégagé
FR000022,Aix en Provence,43.5298424,5.4474738,2025-07-15,37,11,6,334,8.0,01d,☀️,Ciel dégagé
FR000023,Avignon,43.9492493,4.8059012,2025-07-08,28,12,6,8,8.51,03d,⛅,Nuages épars
FR000023,Avignon,43.9492493,4.8059012,2025-07-09,31,10,5,355,9.02,01d,☀️,Ciel dégagé
FR000023,Avignon,43.9492493,4.8059012,2025-07-10,33,8,5,349,8.74,01d,☀️,Ciel dégagé
FR000023,Avignon,43.9492493,4.8059012,2025-07-11,34,6,4,187,8.87,01d,☀️,Ciel dégagé
FR000023,Avignon,43.9492493,4.8059012,2025-07-12,34,7,4,200,6.71,10d,🌦️,Pluie intermittente
FR000023,Avignon,43.9492493,4.8059012,2025-07-13,33,6,4,200,7.0,02d,🌤️,Peu nuageux
FR000023,Avignon,43.9492493,4.8059012,2025-07-14,38,9,5,4,7.0,10d,🌦️,Pluie intermittente
FR000023,Avignon,43.9492493,4.8059012,2025-07-15,38,11,6,2,7.0,01d,☀️,Ciel dégagé
FR000024,Uzes,44.0121279,4.4196718,2025-07-08,28,10,5,348,8.9,03d,⛅,Nuages épars
FR000024,Uzes,44.0121279,4.4196718,2025-07-09,31,8,5,35,9.35,01d,☀️,Ciel dégagé
FR000024,Uzes,44.0121279,4.4196718,2025-07-10,33,7,4,12,9.03,01d,☀️,Ciel dégagé
FR000024,Uzes,44.0121279,4.4196718,2025-07-11,34,7,4,202,9.24,01d,☀️,Ciel dégagé
FR000024,Uzes,44.0121279,4.4196718,2025-07-12,33,8,5,192,8.3,02d,🌤️,Peu nuageux
FR000024,Uzes,44.0121279,4.4196718,2025-07-13,32,6,4,198,9.0,02d,🌤️,Peu nuageux
FR000024,Uzes,44.0121279,4.4196718,2025-07-14,38,8,5,8,9.0,10d,🌦️,Pluie intermittente
FR000024,Uzes,44.0121279,4.4196718,2025-07-15,37,10,5,12,9.0,01d,☀️,Ciel dégagé
FR000025,Nimes,43.8374249,4.3600687,2025-07-08,29,10,5,344,8.56,01d,☀️,Ciel dégagé
FR000025,Nimes,43.8374249,4.3600687,2025-07-09,34,7,4,11,9.11,01d,☀️,Ciel dégagé
FR000025,Nimes,43.8374249,4.3600687,2025-07-10,35,7,4,22,8.82,01d,☀️,Ciel dégagé
FR000025,Nimes,43.8374249,4.3600687,2025-07-11,34,6,4,184,8.94,01d,☀️,Ciel dégagé
FR000025,Nimes,43.8374249,4.3600687,2025-07-12,32,6,4,194,5.68,10d,🌦️,Pluie intermittente
FR000025,Nimes,43.8374249,4.3600687,2025-07-13,32,6,4,189,6.0,03d,⛅,Nuages épars
FR000025,Nimes,43.8374249,4.3600687,2025-07-14,38,4,3,31,6.0,10d,🌦️,Pluie intermittente
FR000025,Nimes,43.8374249,4.3600687,2025-07-15,39,9,5,3,6.0,01d,☀️,Ciel dégagé
FR000026,Aigues Mortes,43.5661521,4.19154,2025-07-08,29,10,5,6,8.56,01d,☀️,Ciel dégagé
FR000026,Aigues Mortes,43.5661521,4.19154,2025-07-09,27,8,5,11,9.11,01d,☀️,Ciel dégagé
FR000026,Aigues Mortes,43.5661521,4.19154,2025-07-10,29,7,4,235,8.82,01d,☀️,Ciel dégagé
FR000026,Aigues Mortes,43.5661521,4.19154,2025-07-11,27,6,4,158,8.94,01d,☀️,Ciel dégagé
FR000026,Aigues Mortes,43.5661521,4.19154,2025-07-12,26,5,3,165,5.68,10d,🌦️,Pluie intermittente
FR000026,Aigues Mortes,43.5661521,4.19154,2025-07-13,26,6,4,167,6.0,10d,🌦️,Pluie intermittente
FR000026,Aigues Mortes,43.5661521,4.19154,2025-07-14,28,12,6,257,6.0,01d,☀️,Ciel dégagé
FR000026,Aigues Mortes,43.5661521,4.19154,2025-07-15,36,11,6,303,6.0,01d,☀️,Ciel dégagé
FR000027,Saintes Maries de la mer,43.4515922,4.4277202,2025-07-08,28,12,6,17,8.59,01d,☀️,Ciel dégagé
FR000027,Saintes Maries de la mer,43.4515922,4.4277202,2025-07-09,27,11,6,9,9.03,01d,☀️,Ciel dégagé
FR000027,Saintes Maries de la mer,43.4515922,4.4277202,2025-07-10,28,8,5,3,8.78,01d,☀️,Ciel dégagé
FR000027,Saintes Maries de la mer,43.4515922,4.4277202,2025-07-11,26,7,4,162,8.91,01d,☀️,Ciel dégagé
FR000027,Saintes Maries de la mer,43.4515922,4.4277202,2025-07-12,25,5,3,171,6.47,10d,🌦️,Pluie intermittente
FR000027,Saintes Maries de la mer,43.4515922,4.4277202,2025-07-13,25,6,4,169,7.0,10d,🌦️,Pluie intermittente
FR000027,Saintes Maries de la mer,43.4515922,4.4277202,2025-07-14,27,11,6,265,7.0,01d,☀️,Ciel dégagé
FR000027,Saintes Maries de la mer,43.4515922,4.4277202,2025-07-15,33,11,6,301,7.0,01d,☀️,Ciel dégagé
FR000028,Collioure,42.52505,3.0831554,2025-07-08,29,12,6,321,8.9,01d,☀️,Ciel dégagé
FR000028,Collioure,42.52505,3.0831554,2025-07-09,31,5,3,318,9.22,01d,☀️,Ciel dégagé
FR000028,Collioure,42.52505,3.0831554,2025-07-10,30,5,3,141,9.31,01d,☀️,Ciel dégagé
FR000028,Collioure,42.52505,3.0831554,2025-07-11,28,5,3,143,8.87,10d,🌦️,Pluie intermittente
FR000028,Collioure,42.52505,3.0831554,2025-07-12,28,5,3,141,6.99,10d,🌦️,Pluie intermittente
FR000028,Collioure,42.52505,3.0831554,2025-07-13,30,4,3,107,7.0,10d,🌦️,Pluie intermittente
FR000028,Collioure,42.52505,3.0831554,2025-07-14,33,7,4,297,7.0,10d,🌦️,Pluie intermittente
FR000028,Collioure,42.52505,3.0831554,2025-07-15,33,10,5,321,7.0,10d,🌦️,Pluie intermittente
FR000029,Carcassonne,43.2130358,2.3491069,2025-07-08,30,9,5,304,8.93,01d,☀️,Ciel dégagé
FR000029,Carcassonne,43.2130358,2.3491069,2025-07-09,32,5,3,318,9.27,01d,☀️,Ciel dégagé
FR000029,Carcassonne,43.2130358,2.3491069,2025-07-10,36,4,3,317,9.5,01d,☀️,Ciel dégagé
FR000029,Carcassonne,43.2130358,2.3491069,2025-07-11,32,7,4,85,8.96,10d,🌦️,Pluie intermittente
FR000029,Carcassonne,43.2130358,2.3491069,2025-07-12,28,8,5,95,7.33,10d,🌦️,Pluie intermittente
FR000029,Carcassonne,43.2130358,2.3491069,2025-07-13,33,6,4,101,8.0,10d,🌦️,Pluie intermittente
FR000029,Carcassonne,43.2130358,2.3491069,2025-07-14,38,7,4,214,8.0,10d,🌦️,Pluie intermittente
FR000029,Carcassonne,43.2130358,2.3491069,2025-07-15,31,8,5,295,8.0,10d,🌦️,Pluie intermittente
FR000030,Ariege,42.9455368,1.4065544,2025-07-08,26,3,2,319,9.3,10d,🌦️,Pluie intermittente
FR000030,Ariege,42.9455368,1.4065544,2025-07-09,24,3,2,5,9.84,01d,☀️,Ciel dégagé
FR000030,Ariege,42.9455368,1.4065544,2025-07-10,28,3,2,185,9.99,01d,☀️,Ciel dégagé
FR000030,Ariege,42.9455368,1.4065544,2025-07-11,28,4,3,189,9.22,10d,🌦️,Pluie intermittente
FR000030,Ariege,42.9455368,1.4065544,2025-07-12,24,4,3,161,8.9,10d,🌦️,Pluie intermittente
FR000030,Ariege,42.9455368,1.4065544,2025-07-13,28,3,2,181,9.0,02d,🌤️,Peu nuageux
FR000030,Ariege,42.9455368,1.4065544,2025-07-14,28,3,2,348,9.0,10d,🌦️,Pluie intermittente
FR000030,Ariege,42.9455368,1.4065544,2025-07-15,25,3,2,339,9.0,10d,🌦️,Pluie intermittente
FR000031,Toulouse,43.6044622,1.4442469,2025-07-08,29,6,4,309,8.81,01d,☀️,Ciel dégagé
FR000031,Toulouse,43.6044622,1.4442469,2025-07-09,31,4,3,337,9.11,01d,☀️,Ciel dégagé
FR000031,Toulouse,43.6044622,1.4442469,2025-07-10,34,3,2,337,9.32,01d,☀️,Ciel dégagé
FR000031,Toulouse,43.6044622,1.4442469,2025-07-11,36,8,5,140,8.73,01d,☀️,Ciel dégagé
FR000031,Toulouse,43.6044622,1.4442469,2025-07-12,32,6,4,123,8.29,10d,🌦️,Pluie intermittente
FR000031,Toulouse,43.6044622,1.4442469,2025-07-13,36,4,3,137,9.0,10d,🌦️,Pluie intermittente
FR000031,Toulouse,43.6044622,1.4442469,2025-07-14,37,8,5,303,9.0,10d,🌦️,Pluie intermittente
FR000031,Toulouse,43.6044622,1.4442469,2025-07-15,32,5,3,281,9.0,10d,🌦️,Pluie intermittente
FR000032,Montauban,44.0175835,1.3549991,2025-07-08,29,6,4,335,8.75,01d,☀️,Ciel dégagé
FR000032,Montauban,44.0175835,1.3549991,2025-07-09,31,4,3,343,9.02,01d,☀️,Ciel dégagé
FR000032,Montauban,44.0175835,1.3549991,2025-07-10,34,4,3,346,9.17,01d,☀️,Ciel dégagé
FR000032,Montauban,44.0175835,1.3549991,2025-07-11,36,5,3,161,8.71,01d,☀️,Ciel dégagé
FR000032,Montauban,44.0175835,1.3549991,2025-07-12,35,10,5,357,8.5,10d,🌦️,Pluie intermittente
FR000032,Montauban,44.0175835,1.3549991,2025-07-13,35,4,3,351,9.0,10d,🌦️,Pluie intermittente
FR000032,Montauban,44.0175835,1.3549991,2025-07-14,36,9,5,302,9.0,10d,🌦️,Pluie intermittente
FR000032,Montauban,44.0175835,1.3549991,2025-07-15,32,6,4,314,9.0,10d,🌦️,Pluie intermittente
FR000033,Biarritz,43.4711437,-1.5527266,2025-07-08,23,4,3,332,8.98,10d,🌦️,Pluie intermittente
FR000033,Biarritz,43.4711437,-1.5527266,2025-07-09,24,5,3,340,9.18,01d,☀️,Ciel dégagé
FR000033,Biarritz,43.4711437,-1.5527266,2025-07-10,27,4,3,352,9.47,01d,☀️,Ciel dégagé
FR000033,Biarritz,43.4711437,-1.5527266,2025-07-11,25,6,4,250,8.03,10d,🌦️,Pluie intermittente
FR000033,Biarritz,43.4711437,-1.5527266,2025-07-12,26,4,3,300,8.5,10d,🌦️,Pluie intermittente
FR000033,Biarritz,43.4711437,-1.5527266,2025-07-13,28,5,3,113,9.0,01d,☀️,Ciel dégagé
FR000033,Biarritz,43.4711437,-1.5527266,2025-07-14,23,6,4,257,9.0,10d,🌦️,Pluie intermittente
FR000033,Biarritz,43.4711437,-1.5527266,2025-07-15,23,4,3,325,9.0,10d,🌦️,Pluie intermittente
FR000034,Bayonne,43.4945144,-1.4736657,2025-07-08,24,5,3,322,8.96,10d,🌦️,Pluie intermittente
FR000034,Bayonne,43.4945144,-1.4736657,2025-07-09,26,4,3,336,9.19,01d,☀️,Ciel dégagé
FR000034,Bayonne,43.4945144,-1.4736657,2025-07-10,29,4,3,348,9.47,01d,☀️,Ciel dégagé
FR000034,Bayonne,43.4945144,-1.4736657,2025-07-11,26,6,4,252,8.29,10d,🌦️,Pluie intermittente
FR000034,Bayonne,43.4945144,-1.4736657,2025-07-12,28,5,3,302,8.57,10d,🌦️,Pluie intermittente
FR000034,Bayonne,43.4945144,-1.4736657,2025-07-13,29,5,3,116,9.0,01d,☀️,Ciel dégagé
FR000034,Bayonne,43.4945144,-1.4736657,2025-07-14,23,5,3,257,9.0,10d,🌦️,Pluie intermittente
FR000034,Bayonne,43.4945144,-1.4736657,2025-07-15,23,4,3,316,9.0,10d,🌦️,Pluie intermittente
FR000035,La Rochelle,46.159732,-1.1515951,2025-07-08,24,9,5,294,8.31,01d,☀️,Ciel dégagé
FR000035,La Rochelle,46.159732,-1.1515951,2025-07-09,24,8,5,297,8.46,01d,☀️,Ciel dégagé
FR000035,La Rochelle,46.159732,-1.1515951,2025-07-10,28,6,4,71,8.62,01d,☀️,Ciel dégagé
FR000035,La Rochelle,46.159732,-1.1515951,2025-07-11,31,8,5,61,8.26,01d,☀️,Ciel dégagé
FR000035,La Rochelle,46.159732,-1.1515951,2025-07-12,26,8,5,64,8.07,03d,⛅,Nuages épars
FR000035,La Rochelle,46.159732,-1.1515951,2025-07-13,24,7,4,203,9.0,01d,☀️,Ciel dégagé
FR000035,La Rochelle,46.159732,-1.1515951,2025-07-14,23,7,4,282,9.0,10d,🌦️,Pluie intermittente
FR000035,La Rochelle,46.159732,-1.1515951,2025-07-15,22,10,5,299,9.0,02d,🌤️,Peu nuageux
